<?xml version="1.0" encoding="UTF-8" ?>
<extension version="2.5" type="plugin" group="vmpayment" method="upgrade">
    <name>VM2 - Maksekeskus Estonia</name>
    <creationDate>28.11.2013</creationDate>
    <author>Aktsiamaailm OÜ</author>
    <authorUrl>http://www.e-abi.ee/</authorUrl>
    <copyright>Copyright (C) 2013 Aktsiamaailm OÜ . All rights reserved.</copyright>
    <license>http://www.e-abi.ee/litsents</license>
    <version>0</version>
    <description>Maksekeskus.ee pangalink VirtueMart 3.x-le</description>
    <languages>
    <language tag="en-GB">en-GB.plg_vmpayment_maksekeskus.ini</language>
    <language tag="et-EE">et-EE.plg_vmpayment_maksekeskus.ini</language>
    </languages>
    <files>
	   <filename plugin="maksekeskus">maksekeskus.php</filename>
     
    </files>

<vmconfig>
 <fields name="params">
    	<fieldset name="descriptions">
        <field name="destination_url" type="text" label="MAKSEKESKUS_DESTINATION_URL" description="MAKSEKESKUS_DESTINATION_URL_DESC" />
        <field name="shop_id" type="text" label="MAKSEKESKUS_SHOP_ID" description="MAKSEKESKUS_SHOP_ID_DESC" />
        <field name="api_secret" type="text" label="MAKSEKESKUS_API_SECRET" description="MAKSEKESKUS_API_SECRET_DESC" />
    	<field name="currency" type="vmacceptedcurrency" default="EUR" label="MAKSEKESKUS_CURRENCY" description="MAKSEKESKUS_CURRENCY_DESC" />
        <field name="locale" type="text" detault="et" label="MAKSEKESKUS_LOCALE" description="MAKSEKESKUS_LOCALE_DESC" />
        <field name="return" type="text" detault="" label="MAKSEKESKUS_RETURN" description="MAKSEKESKUS_RETURN_DESC" />
        <field name="status_success" type="vmorderstate" scope="com_virtuemart" default="C" label="MAKSEKESKUS_STATUS_SUCCESS"  />
    	<field name="status_canceled" type="vmorderstate" scope="com_virtuemart" default="X" label="MAKSEKESKUS_STATUS_FAILED" />
        <field name="countries" type="vmcountries"  scope="com_virtuemart" default="" label="VMPAYMENT_STANDARD_COUNTRIES" description="VMPAYMENT_STANDARD_COUNTRIES_DESC"/>





	    </fieldset>
 </fields>
</vmconfig>
</extension>
